original,paraphrase,our_paraphrase
Stanje kožuha ni vplivalo na kakovost njenega življenja.,,situacija kožuha ni vplivalo na kvaliteta njenega življenja 
Evropski prvak v oponašanju galebov je Nizozemec.,,evropski Ĺˇampion v oponašanju galebov je nizozemec 
Galebe v javnosti pogosto prezirajo zaradi njihovega vsiljivega vedenja.,,galebe v javnosti pogostokrat prezirajo zavoljo njihovega vsiljivega vedenja 
Ustvarili so namreč čokoladni doprsni kip kralja v naravni velikosti.,,ustvarili so namreč čokoladni doprsni podoba kralja pri naravni velikosti 
V torbi Američanke so našli zlato pištolo.,,v torbi američanke so našli rumena kovina pištolo 
Sicer se nizozemsko podjetje že dolgo bojuje proti modernemu suženjstvu in otroškemu delu v čokoladni industriji.,,sicer se nizozemsko firma že dolgotrajno bojuje proti modernemu suženjstvu moderen otroškemu delu v čokoladni industriji 
V svojih menijih odslikava tudi lastno razmišljanje o razmerah v svetu.,,v svojih menijih odslikava tudi lasten razmišljanje glede razmerah v svetu 
Hišni ljubljenčki bodo lahko odkrivali več kot 120 grških arheoloških najdišč.,,hišni ljubljenčki bodo poletno odkrivali več kakor 120 grških arheoloških najdišč 
Trinožci se ne bodo smeli sprehajati po najbolj priljubljenih turističnih znamenitostih.,,trinožci se niti bodo smeli sprehajati po preveÄŤ priljubljenih turističnih znamenitostih 
Ni še znano kdaj naj bi novi pravilnik začel veljati.,,ni še notoriÄŤno enkrat naj bi novi pravilnik začel veljati 
Med prvomajskimi destinacijami so priljubljene tudi turistične kmetije.,,sredi prvomajskimi destinacijami so priljubljene prav tako turistične kmetije 
Čas prvomajskih dopustov je tudi priložnost za oddih na kateri od turističnih kmetij.,,čas prvomajskih dopustov je prav tako priložnost za premor na katero od turističnih kmetij 
Obisk domačih gostov za prvomajske praznike je močno odvisen od vremena.,,obiskovalec domačih gostov za prvomajske praznike je močno nesamostojen od vremena 
Preteklo leto po številu obiskov in prenočitev na kmetijah podobno letu 2019.,,preteklo letnik po številu obiskov moderen prenočitev na kmetijah podobno letu 2019 
Zanimanje za obisk ali nastanitev na turističnih kmetijah v zadnjih letih raste,,interes za obiskovalec ali nastanitev na turističnih kmetijah v zadnjih letih raste 
Največ zanimanja je za kmetije z nastanitvijo in izletniške kmetije.,,največ zanimanja je v imenu kmetije z nastanitvijo moderen izletniške kmetije 
Zanimanje za tovrstni oddih se bo na podeželju ohranil.,,interes za tovrstni premor se bo na podeželju ohranil 
Neposredni stik z morjem veliko pripomore k razumevanju morja.,,neposredni stik z morjem precej pripomore proti razumevanju morja 
Pretekle sezone so bile uspešne.,,pretekle sezone so bile uspešne 
Obtožbe zanemarjanja so zanikali.,,obtožbe zanemarjanja so zanikali 
"Slavko Žitnik je velik veleum, ki pogosto izumi kaj novega.",,slavko žitnik je velik genij ki pogostokrat izumi kaj novega 
